ProductID,ProductName,ProductDescription,BrandName,ProductNumber,Color,ProductModel,ProductCategoryID,CategoryName,ListPrice,StandardCost,Weight,WeightUom,ProductStatus,CreatedDate,SellStartDate,SellEndDate,IsoCurrencyCode,UpdatedDate,CreatedBy,UpdatedBy,GoldLoadTimestamp
1,"HL Road Frame - Black, 58","HL Road Frame - Black, 58",Contoso Outdoor,None,Black,None,18,Road Frames,1431.50,1059.31,1016.04,None,active,1/10/2018,3/1/2018,None,USD,8/18/2025,SampleGen,SampleGen,2025-08-26 22:35:41.496602
2,"HL Road Frame - Red, 58","HL Road Frame - Red, 58",Contoso Outdoor,None,Red,None,18,Road Frames,1431.50,1059.31,1016.04,None,active,1/10/2018,3/1/2018,None,USD,8/18/2025,SampleGen,SampleGen,2025-08-26 22:35:41.496602
3,"Sport-100 Helmet, Red","Sport-100 Helmet, Red",Contoso Outdoor,None,Red,None,35,Helmets,34.99,13.09,None,None,active,1/10/2018,3/1/2018,None,USD,8/18/2025,SampleGen,SampleGen,2025-08-26 22:35:41.496602
4,"Sport-100 Helmet, Black","Sport-100 Helmet, Black",Contoso Outdoor,None,Black,None,35,Helmets,34.99,13.09,None,None,active,1/10/2018,3/1/2018,None,USD,8/18/2025,SampleGen,SampleGen,2025-08-26 22:35:41.496602
5,"Mountain Bike Socks, M","Mountain Bike Socks, M",Contoso Outdoor,None,White,None,27,Socks,9.50,3.40,None,None,active,1/10/2018,3/1/2018,None,USD,8/18/2025,SampleGen,SampleGen,2025-08-26 22:35:41.496602
6,"Mountain Bike Socks, L","Mountain Bike Socks, L",Contoso Outdoor,None,White,None,27,Socks,9.50,3.40,None,None,active,1/10/2018,3/1/2018,None,USD,8/18/2025,SampleGen,SampleGen,2025-08-26 22:35:41.496602
7,"Sport-100 Helmet, Blue","Sport-100 Helmet, Blue",Contoso Outdoor,None,Blue,None,35,Helmets,34.99,13.09,None,None,active,1/10/2018,3/1/2018,None,USD,8/18/2025,SampleGen,SampleGen,2025-08-26 22:35:41.496602
8,AWC Logo Cap,AWC Logo Cap,Contoso Outdoor,None,Multi,None,23,Caps,8.99,6.92,None,None,active,1/10/2018,3/1/2018,None,USD,8/18/2025,SampleGen,SampleGen,2025-08-26 22:35:41.496602
9,"Long-Sleeve Logo Jersey, S","Long-Sleeve Logo Jersey, S",Contoso Outdoor,None,Multi,None,25,Jerseys,49.99,38.49,None,None,active,1/10/2018,3/1/2018,None,USD,8/18/2025,SampleGen,SampleGen,2025-08-26 22:35:41.496602
10,"Long-Sleeve Logo Jersey, M","Long-Sleeve Logo Jersey, M",Contoso Outdoor,None,Multi,None,25,Jerseys,49.99,38.49,None,None,active,1/10/2018,3/1/2018,None,USD,8/18/2025,SampleGen,SampleGen,2025-08-26 22:35:41.496602
11,"Long-Sleeve Logo Jersey, L","Long-Sleeve Logo Jersey, L",Contoso Outdoor,None,Multi,None,25,Jerseys,49.99,38.49,None,None,active,1/10/2018,3/1/2018,None,USD,8/18/2025,SampleGen,SampleGen,2025-08-26 22:35:41.496602
12,"Long-Sleeve Logo Jersey, XL","Long-Sleeve Logo Jersey, XL",Contoso Outdoor,None,Multi,None,25,Jerseys,49.99,38.49,None,None,active,1/10/2018,3/1/2018,None,USD,8/18/2025,SampleGen,SampleGen,2025-08-26 22:35:41.496602
13,"HL Road Frame - Red, 62","HL Road Frame - Red, 62",Contoso Outdoor,None,Red,None,18,Road Frames,1431.50,868.63,1043.26,None,active,1/10/2018,3/1/2018,None,USD,8/18/2025,SampleGen,SampleGen,2025-08-26 22:35:41.496602
14,"HL Road Frame - Red, 44","HL Road Frame - Red, 44",Contoso Outdoor,None,Red,None,18,Road Frames,1431.50,868.63,961.61,None,active,1/10/2018,3/1/2018,None,USD,8/18/2025,SampleGen,SampleGen,2025-08-26 22:35:41.496602
15,"HL Road Frame - Red, 48","HL Road Frame - Red, 48",Contoso Outdoor,None,Red,None,18,Road Frames,1431.50,868.63,979.75,None,active,1/10/2018,3/1/2018,None,USD,8/18/2025,SampleGen,SampleGen,2025-08-26 22:35:41.496602
16,"HL Road Frame - Red, 52","HL Road Frame - Red, 52",Contoso Outdoor,None,Red,None,18,Road Frames,1431.50,868.63,997.9,None,active,1/10/2018,3/1/2018,None,USD,8/18/2025,SampleGen,SampleGen,2025-08-26 22:35:41.496602
17,"HL Road Frame - Red, 56","HL Road Frame - Red, 56",Contoso Outdoor,None,Red,None,18,Road Frames,1431.50,868.63,1016.04,None,active,1/10/2018,3/1/2018,None,USD,8/18/2025,SampleGen,SampleGen,2025-08-26 22:35:41.496602
18,"LL Road Frame - Black, 58","LL Road Frame - Black, 58",Contoso Outdoor,None,Black,None,18,Road Frames,337.22,204.63,1115.83,None,active,1/10/2018,3/1/2018,None,USD,8/18/2025,SampleGen,SampleGen,2025-08-26 22:35:41.496602
19,"LL Road Frame - Black, 60","LL Road Frame - Black, 60",Contoso Outdoor,None,Black,None,18,Road Frames,337.22,204.63,1124.9,None,active,1/10/2018,3/1/2018,None,USD,8/18/2025,SampleGen,SampleGen,2025-08-26 22:35:41.496602
20,"LL Road Frame - Black, 62","LL Road Frame - Black, 62",Contoso Outdoor,None,Black,None,18,Road Frames,337.22,204.63,1133.98,None,active,1/10/2018,3/1/2018,None,USD,8/18/2025,SampleGen,SampleGen,2025-08-26 22:35:41.496602
21,"LL Road Frame - Red, 44","LL Road Frame - Red, 44",Contoso Outdoor,None,Red,None,18,Road Frames,337.22,187.16,1052.33,None,active,1/10/2018,3/1/2018,None,USD,8/18/2025,SampleGen,SampleGen,2025-08-26 22:35:41.496602
22,"LL Road Frame - Red, 48","LL Road Frame - Red, 48",Contoso Outdoor,None,Red,None,18,Road Frames,337.22,187.16,1070.47,None,active,1/10/2018,3/1/2018,None,USD,8/18/2025,SampleGen,SampleGen,2025-08-26 22:35:41.496602
23,"LL Road Frame - Red, 52","LL Road Frame - Red, 52",Contoso Outdoor,None,Red,None,18,Road Frames,337.22,187.16,1088.62,None,active,1/10/2018,3/1/2018,None,USD,8/18/2025,SampleGen,SampleGen,2025-08-26 22:35:41.496602
24,"LL Road Frame - Red, 58","LL Road Frame - Red, 58",Contoso Outdoor,None,Red,None,18,Road Frames,337.22,187.16,1115.83,None,active,1/10/2018,3/1/2018,None,USD,8/18/2025,SampleGen,SampleGen,2025-08-26 22:35:41.496602
25,"LL Road Frame - Red, 60","LL Road Frame - Red, 60",Contoso Outdoor,None,Red,None,18,Road Frames,337.22,187.16,1124.9,None,active,1/10/2018,3/1/2018,None,USD,8/18/2025,SampleGen,SampleGen,2025-08-26 22:35:41.496602
26,"LL Road Frame - Red, 62","LL Road Frame - Red, 62",Contoso Outdoor,None,Red,None,18,Road Frames,337.22,187.16,1133.98,None,active,1/10/2018,3/1/2018,None,USD,8/18/2025,SampleGen,SampleGen,2025-08-26 22:35:41.496602
27,"ML Road Frame - Red, 44","ML Road Frame - Red, 44",Contoso Outdoor,None,Red,None,18,Road Frames,594.83,352.14,1006.97,None,active,1/10/2018,3/1/2018,None,USD,8/18/2025,SampleGen,SampleGen,2025-08-26 22:35:41.496602
28,"ML Road Frame - Red, 48","ML Road Frame - Red, 48",Contoso Outdoor,None,Red,None,18,Road Frames,594.83,352.14,1025.11,None,active,1/10/2018,3/1/2018,None,USD,8/18/2025,SampleGen,SampleGen,2025-08-26 22:35:41.496602
29,"ML Road Frame - Red, 52","ML Road Frame - Red, 52",Contoso Outdoor,None,Red,None,18,Road Frames,594.83,352.14,1043.26,None,active,1/10/2018,3/1/2018,None,USD,8/18/2025,SampleGen,SampleGen,2025-08-26 22:35:41.496602
30,"ML Road Frame - Red, 58","ML Road Frame - Red, 58",Contoso Outdoor,None,Red,None,18,Road Frames,594.83,352.14,1070.47,None,active,1/10/2018,3/1/2018,None,USD,8/18/2025,SampleGen,SampleGen,2025-08-26 22:35:41.496602
31,"ML Road Frame - Red, 60","ML Road Frame - Red, 60",Contoso Outdoor,None,Red,None,18,Road Frames,594.83,352.14,1079.54,None,active,1/10/2018,3/1/2018,None,USD,8/18/2025,SampleGen,SampleGen,2025-08-26 22:35:41.496602
32,"LL Road Frame - Black, 44","LL Road Frame - Black, 44",Contoso Outdoor,None,Black,None,18,Road Frames,337.22,204.63,1052.33,None,active,1/10/2018,3/1/2018,None,USD,8/18/2025,SampleGen,SampleGen,2025-08-26 22:35:41.496602
33,"LL Road Frame - Black, 48","LL Road Frame - Black, 48",Contoso Outdoor,None,Black,None,18,Road Frames,337.22,204.63,1070.47,None,active,1/10/2018,3/1/2018,None,USD,8/18/2025,SampleGen,SampleGen,2025-08-26 22:35:41.496602
34,"LL Road Frame - Black, 52","LL Road Frame - Black, 52",Contoso Outdoor,None,Black,None,18,Road Frames,337.22,204.63,1088.62,None,active,1/10/2018,3/1/2018,None,USD,8/18/2025,SampleGen,SampleGen,2025-08-26 22:35:41.496602
35,"HL Mountain Frame - Silver, 42","HL Mountain Frame - Silver, 42",Contoso Outdoor,None,Silver,None,16,Mountain Frames,1364.50,747.20,1233.76,None,active,1/10/2018,3/1/2018,None,USD,8/18/2025,SampleGen,SampleGen,2025-08-26 22:35:41.496602
36,"HL Mountain Frame - Silver, 44","HL Mountain Frame - Silver, 44",Contoso Outdoor,None,Silver,None,16,Mountain Frames,1364.50,706.81,1251.91,None,active,1/10/2018,3/1/2018,None,USD,8/18/2025,SampleGen,SampleGen,2025-08-26 22:35:41.496602
37,"HL Mountain Frame - Silver, 48","HL Mountain Frame - Silver, 48",Contoso Outdoor,None,Silver,None,16,Mountain Frames,1364.50,706.81,1270.05,None,active,1/10/2018,3/1/2018,None,USD,8/18/2025,SampleGen,SampleGen,2025-08-26 22:35:41.496602
38,"HL Mountain Frame - Silver, 46","HL Mountain Frame - Silver, 46",Contoso Outdoor,None,Silver,None,16,Mountain Frames,1364.50,747.20,1288.2,None,active,1/10/2018,3/1/2018,None,USD,8/18/2025,SampleGen,SampleGen,2025-08-26 22:35:41.496602
39,"HL Mountain Frame - Black, 42","HL Mountain Frame - Black, 42",Contoso Outdoor,None,Black,None,16,Mountain Frames,1349.60,739.04,1233.76,None,active,1/10/2018,3/1/2018,None,USD,8/18/2025,SampleGen,SampleGen,2025-08-26 22:35:41.496602
40,"HL Mountain Frame - Black, 44","HL Mountain Frame - Black, 44",Contoso Outdoor,None,Black,None,16,Mountain Frames,1349.60,699.09,1251.91,None,active,1/10/2018,3/1/2018,None,USD,8/18/2025,SampleGen,SampleGen,2025-08-26 22:35:41.496602
41,"HL Mountain Frame - Black, 48","HL Mountain Frame - Black, 48",Contoso Outdoor,None,Black,None,16,Mountain Frames,1349.60,699.09,1270.05,None,active,1/10/2018,3/1/2018,None,USD,8/18/2025,SampleGen,SampleGen,2025-08-26 22:35:41.496602
42,"HL Mountain Frame - Black, 46","HL Mountain Frame - Black, 46",Contoso Outdoor,None,Black,None,16,Mountain Frames,1349.60,739.04,1288.2,None,active,1/10/2018,3/1/2018,None,USD,8/18/2025,SampleGen,SampleGen,2025-08-26 22:35:41.496602
43,"HL Mountain Frame - Black, 38","HL Mountain Frame - Black, 38",Contoso Outdoor,None,Black,None,16,Mountain Frames,1349.60,739.04,1215.62,None,active,1/10/2018,3/1/2018,None,USD,8/18/2025,SampleGen,SampleGen,2025-08-26 22:35:41.496602
44,"HL Mountain Frame - Silver, 38","HL Mountain Frame - Silver, 38",Contoso Outdoor,None,Silver,None,16,Mountain Frames,1364.50,747.20,1215.62,None,active,1/10/2018,3/1/2018,None,USD,8/18/2025,SampleGen,SampleGen,2025-08-26 22:35:41.496602
45,"Road-150 Red, 62","Road-150 Red, 62",Contoso Outdoor,None,Red,None,6,Road Bikes,3578.27,2171.29,6803.85,None,active,1/10/2018,3/1/2018,None,USD,8/18/2025,SampleGen,SampleGen,2025-08-26 22:35:41.496602
46,"Road-150 Red, 44","Road-150 Red, 44",Contoso Outdoor,None,Red,None,6,Road Bikes,3578.27,2171.29,6245.93,None,active,1/10/2018,3/1/2018,None,USD,8/18/2025,SampleGen,SampleGen,2025-08-26 22:35:41.496602
47,"Road-150 Red, 48","Road-150 Red, 48",Contoso Outdoor,None,Red,None,6,Road Bikes,3578.27,2171.29,6409.23,None,active,1/10/2018,3/1/2018,None,USD,8/18/2025,SampleGen,SampleGen,2025-08-26 22:35:41.496602
48,"Road-150 Red, 52","Road-150 Red, 52",Contoso Outdoor,None,Red,None,6,Road Bikes,3578.27,2171.29,6540.77,None,active,1/10/2018,3/1/2018,None,USD,8/18/2025,SampleGen,SampleGen,2025-08-26 22:35:41.496602
49,"Road-150 Red, 56","Road-150 Red, 56",Contoso Outdoor,None,Red,None,6,Road Bikes,3578.27,2171.29,6658.7,None,active,1/10/2018,3/1/2018,None,USD,8/18/2025,SampleGen,SampleGen,2025-08-26 22:35:41.496602
50,"Road-450 Red, 58","Road-450 Red, 58",Contoso Outdoor,None,Red,None,6,Road Bikes,1457.99,884.71,8069.37,None,active,1/10/2018,3/1/2018,None,USD,8/18/2025,SampleGen,SampleGen,2025-08-26 22:35:41.496602
51,"Road-450 Red, 60","Road-450 Red, 60",Contoso Outdoor,None,Red,None,6,Road Bikes,1457.99,884.71,8119.26,None,active,1/10/2018,3/1/2018,None,USD,8/18/2025,SampleGen,SampleGen,2025-08-26 22:35:41.496602
52,"Road-450 Red, 44","Road-450 Red, 44",Contoso Outdoor,None,Red,None,6,Road Bikes,1457.99,884.71,7606.7,None,active,1/10/2018,3/1/2018,None,USD,8/18/2025,SampleGen,SampleGen,2025-08-26 22:35:41.496602
53,"Road-450 Red, 48","Road-450 Red, 48",Contoso Outdoor,None,Red,None,6,Road Bikes,1457.99,884.71,7770.0,None,active,1/10/2018,3/1/2018,None,USD,8/18/2025,SampleGen,SampleGen,2025-08-26 22:35:41.496602
54,"Road-450 Red, 52","Road-450 Red, 52",Contoso Outdoor,None,Red,None,6,Road Bikes,1457.99,884.71,7901.54,None,active,1/10/2018,3/1/2018,None,USD,8/18/2025,SampleGen,SampleGen,2025-08-26 22:35:41.496602
55,"Road-650 Red, 58","Road-650 Red, 58",Contoso Outdoor,None,Red,None,6,Road Bikes,782.99,486.71,8976.55,None,active,1/10/2018,3/1/2018,None,USD,8/18/2025,SampleGen,SampleGen,2025-08-26 22:35:41.496602
56,"Road-650 Red, 60","Road-650 Red, 60",Contoso Outdoor,None,Red,None,6,Road Bikes,782.99,486.71,9026.44,None,active,1/10/2018,3/1/2018,None,USD,8/18/2025,SampleGen,SampleGen,2025-08-26 22:35:41.496602
57,"Road-650 Red, 62","Road-650 Red, 62",Contoso Outdoor,None,Red,None,6,Road Bikes,782.99,486.71,9071.8,None,active,1/10/2018,3/1/2018,None,USD,8/18/2025,SampleGen,SampleGen,2025-08-26 22:35:41.496602
58,"Road-650 Red, 44","Road-650 Red, 44",Contoso Outdoor,None,Red,None,6,Road Bikes,782.99,486.71,8513.88,None,active,1/10/2018,3/1/2018,None,USD,8/18/2025,SampleGen,SampleGen,2025-08-26 22:35:41.496602
59,"Road-650 Red, 48","Road-650 Red, 48",Contoso Outdoor,None,Red,None,6,Road Bikes,782.99,486.71,8677.18,None,active,1/10/2018,3/1/2018,None,USD,8/18/2025,SampleGen,SampleGen,2025-08-26 22:35:41.496602
60,"Road-650 Red, 52","Road-650 Red, 52",Contoso Outdoor,None,Red,None,6,Road Bikes,782.99,486.71,8808.72,None,active,1/10/2018,3/1/2018,None,USD,8/18/2025,SampleGen,SampleGen,2025-08-26 22:35:41.496602
61,"Road-650 Black, 58","Road-650 Black, 58",Contoso Outdoor,None,Black,None,6,Road Bikes,782.99,486.71,8976.55,None,active,1/10/2018,3/1/2018,None,USD,8/18/2025,SampleGen,SampleGen,2025-08-26 22:35:41.496602
62,"Road-650 Black, 60","Road-650 Black, 60",Contoso Outdoor,None,Black,None,6,Road Bikes,782.99,486.71,9026.44,None,active,1/10/2018,3/1/2018,None,USD,8/18/2025,SampleGen,SampleGen,2025-08-26 22:35:41.496602
63,"Road-650 Black, 62","Road-650 Black, 62",Contoso Outdoor,None,Black,None,6,Road Bikes,782.99,486.71,9071.8,None,active,1/10/2018,3/1/2018,None,USD,8/18/2025,SampleGen,SampleGen,2025-08-26 22:35:41.496602
64,"Road-650 Black, 44","Road-650 Black, 44",Contoso Outdoor,None,Black,None,6,Road Bikes,782.99,486.71,8513.88,None,active,1/10/2018,3/1/2018,None,USD,8/18/2025,SampleGen,SampleGen,2025-08-26 22:35:41.496602
65,"Road-650 Black, 48","Road-650 Black, 48",Contoso Outdoor,None,Black,None,6,Road Bikes,782.99,486.71,8677.18,None,active,1/10/2018,3/1/2018,None,USD,8/18/2025,SampleGen,SampleGen,2025-08-26 22:35:41.496602
66,"Road-650 Black, 52","Road-650 Black, 52",Contoso Outdoor,None,Black,None,6,Road Bikes,782.99,486.71,8808.72,None,active,1/10/2018,3/1/2018,None,USD,8/18/2025,SampleGen,SampleGen,2025-08-26 22:35:41.496602
67,"Mountain-100 Silver, 38","Mountain-100 Silver, 38",Contoso Outdoor,None,Silver,None,5,Mountain Bikes,3399.99,1912.15,9230.56,None,active,1/10/2018,3/1/2018,None,USD,8/18/2025,SampleGen,SampleGen,2025-08-26 22:35:41.496602
68,"Mountain-100 Silver, 42","Mountain-100 Silver, 42",Contoso Outdoor,None,Silver,None,5,Mountain Bikes,3399.99,1912.15,9421.06,None,active,1/10/2018,3/1/2018,None,USD,8/18/2025,SampleGen,SampleGen,2025-08-26 22:35:41.496602
69,"Mountain-100 Silver, 44","Mountain-100 Silver, 44",Contoso Outdoor,None,Silver,None,5,Mountain Bikes,3399.99,1912.15,9584.36,None,active,1/10/2018,3/1/2018,None,USD,8/18/2025,SampleGen,SampleGen,2025-08-26 22:35:41.496602
70,"Mountain-100 Silver, 48","Mountain-100 Silver, 48",Contoso Outdoor,None,Silver,None,5,Mountain Bikes,3399.99,1912.15,9715.9,None,active,1/10/2018,3/1/2018,None,USD,8/18/2025,SampleGen,SampleGen,2025-08-26 22:35:41.496602
71,"Mountain-100 Black, 38","Mountain-100 Black, 38",Contoso Outdoor,None,Black,None,5,Mountain Bikes,3374.99,1898.09,9230.56,None,active,1/10/2018,3/1/2018,None,USD,8/18/2025,SampleGen,SampleGen,2025-08-26 22:35:41.496602
72,"Mountain-100 Black, 42","Mountain-100 Black, 42",Contoso Outdoor,None,Black,None,5,Mountain Bikes,3374.99,1898.09,9421.06,None,active,1/10/2018,3/1/2018,None,USD,8/18/2025,SampleGen,SampleGen,2025-08-26 22:35:41.496602
73,"Mountain-100 Black, 44","Mountain-100 Black, 44",Contoso Outdoor,None,Black,None,5,Mountain Bikes,3374.99,1898.09,9584.36,None,active,1/10/2018,3/1/2018,None,USD,8/18/2025,SampleGen,SampleGen,2025-08-26 22:35:41.496602
74,"Mountain-100 Black, 48","Mountain-100 Black, 48",Contoso Outdoor,None,Black,None,5,Mountain Bikes,3374.99,1898.09,9715.9,None,active,1/10/2018,3/1/2018,None,USD,8/18/2025,SampleGen,SampleGen,2025-08-26 22:35:41.496602
75,"Mountain-200 Silver, 38","Mountain-200 Silver, 38",Contoso Outdoor,None,Silver,None,5,Mountain Bikes,2319.99,1265.62,10591.33,None,active,1/10/2018,3/1/2018,None,USD,8/18/2025,SampleGen,SampleGen,2025-08-26 22:35:41.496602
76,"Mountain-200 Silver, 42","Mountain-200 Silver, 42",Contoso Outdoor,None,Silver,None,5,Mountain Bikes,2319.99,1265.62,10781.83,None,active,1/10/2018,3/1/2018,None,USD,8/18/2025,SampleGen,SampleGen,2025-08-26 22:35:41.496602
77,"Mountain-200 Silver, 46","Mountain-200 Silver, 46",Contoso Outdoor,None,Silver,None,5,Mountain Bikes,2319.99,1265.62,10945.13,None,active,1/10/2018,3/1/2018,None,USD,8/18/2025,SampleGen,SampleGen,2025-08-26 22:35:41.496602
78,"Mountain-200 Black, 38","Mountain-200 Black, 38",Contoso Outdoor,None,Black,None,5,Mountain Bikes,2294.99,1251.98,10591.33,None,active,1/10/2018,3/1/2018,None,USD,8/18/2025,SampleGen,SampleGen,2025-08-26 22:35:41.496602
79,"Mountain-200 Black, 42","Mountain-200 Black, 42",Contoso Outdoor,None,Black,None,5,Mountain Bikes,2294.99,1251.98,10781.83,None,active,1/10/2018,3/1/2018,None,USD,8/18/2025,SampleGen,SampleGen,2025-08-26 22:35:41.496602
80,"Mountain-200 Black, 46","Mountain-200 Black, 46",Contoso Outdoor,None,Black,None,5,Mountain Bikes,2294.99,1251.98,10945.13,None,active,1/10/2018,3/1/2018,None,USD,8/18/2025,SampleGen,SampleGen,2025-08-26 22:35:41.496602
81,"Mountain-300 Black, 38","Mountain-300 Black, 38",Contoso Outdoor,None,Black,None,5,Mountain Bikes,1079.99,598.44,11498.51,None,active,1/10/2018,3/1/2018,None,USD,8/18/2025,SampleGen,SampleGen,2025-08-26 22:35:41.496602
82,"Mountain-300 Black, 40","Mountain-300 Black, 40",Contoso Outdoor,None,Black,None,5,Mountain Bikes,1079.99,598.44,11689.01,None,active,1/10/2018,3/1/2018,None,USD,8/18/2025,SampleGen,SampleGen,2025-08-26 22:35:41.496602
83,"Mountain-300 Black, 44","Mountain-300 Black, 44",Contoso Outdoor,None,Black,None,5,Mountain Bikes,1079.99,598.44,11852.31,None,active,1/10/2018,3/1/2018,None,USD,8/18/2025,SampleGen,SampleGen,2025-08-26 22:35:41.496602
84,"Mountain-300 Black, 48","Mountain-300 Black, 48",Contoso Outdoor,None,Black,None,5,Mountain Bikes,1079.99,598.44,11983.85,None,active,1/10/2018,3/1/2018,None,USD,8/18/2025,SampleGen,SampleGen,2025-08-26 22:35:41.496602
85,"Road-250 Red, 44","Road-250 Red, 44",Contoso Outdoor,None,Red,None,6,Road Bikes,2443.35,1518.79,6699.52,None,active,1/10/2018,3/1/2018,None,USD,8/18/2025,SampleGen,SampleGen,2025-08-26 22:35:41.496602
86,"Road-250 Red, 48","Road-250 Red, 48",Contoso Outdoor,None,Red,None,6,Road Bikes,2443.35,1518.79,6862.82,None,active,1/10/2018,3/1/2018,None,USD,8/18/2025,SampleGen,SampleGen,2025-08-26 22:35:41.496602
87,"Road-250 Red, 52","Road-250 Red, 52",Contoso Outdoor,None,Red,None,6,Road Bikes,2443.35,1518.79,6994.36,None,active,1/10/2018,3/1/2018,None,USD,8/18/2025,SampleGen,SampleGen,2025-08-26 22:35:41.496602
88,"Road-250 Red, 58","Road-250 Red, 58",Contoso Outdoor,None,Red,None,6,Road Bikes,2443.35,1554.95,7162.19,None,active,1/10/2018,3/1/2018,None,USD,8/18/2025,SampleGen,SampleGen,2025-08-26 22:35:41.496602
89,"Road-250 Black, 44","Road-250 Black, 44",Contoso Outdoor,None,Black,None,6,Road Bikes,2443.35,1554.95,6699.52,None,active,1/10/2018,3/1/2018,None,USD,8/18/2025,SampleGen,SampleGen,2025-08-26 22:35:41.496602
90,"Road-250 Black, 48","Road-250 Black, 48",Contoso Outdoor,None,Black,None,6,Road Bikes,2443.35,1554.95,6862.82,None,active,1/10/2018,3/1/2018,None,USD,8/18/2025,SampleGen,SampleGen,2025-08-26 22:35:41.496602
91,"Road-250 Black, 52","Road-250 Black, 52",Contoso Outdoor,None,Black,None,6,Road Bikes,2443.35,1554.95,6994.36,None,active,1/10/2018,3/1/2018,None,USD,8/18/2025,SampleGen,SampleGen,2025-08-26 22:35:41.496602
92,"Road-250 Black, 58","Road-250 Black, 58",Contoso Outdoor,None,Black,None,6,Road Bikes,2443.35,1554.95,7112.29,None,active,1/10/2018,3/1/2018,None,USD,8/18/2025,SampleGen,SampleGen,2025-08-26 22:35:41.496602
93,"Road-550-W Yellow, 38","Road-550-W Yellow, 38",Contoso Outdoor,None,Yellow,None,6,Road Bikes,1120.49,713.08,7869.79,None,active,1/10/2018,3/1/2018,None,USD,8/18/2025,SampleGen,SampleGen,2025-08-26 22:35:41.496602
94,"Road-550-W Yellow, 40","Road-550-W Yellow, 40",Contoso Outdoor,None,Yellow,None,6,Road Bikes,1120.49,713.08,8060.29,None,active,1/10/2018,3/1/2018,None,USD,8/18/2025,SampleGen,SampleGen,2025-08-26 22:35:41.496602
95,"Road-550-W Yellow, 42","Road-550-W Yellow, 42",Contoso Outdoor,None,Yellow,None,6,Road Bikes,1120.49,713.08,8223.59,None,active,1/10/2018,3/1/2018,None,USD,8/18/2025,SampleGen,SampleGen,2025-08-26 22:35:41.496602
96,"Road-550-W Yellow, 44","Road-550-W Yellow, 44",Contoso Outdoor,None,Yellow,None,6,Road Bikes,1120.49,713.08,8355.13,None,active,1/10/2018,3/1/2018,None,USD,8/18/2025,SampleGen,SampleGen,2025-08-26 22:35:41.496602
97,"Road-550-W Yellow, 48","Road-550-W Yellow, 48",Contoso Outdoor,None,Yellow,None,6,Road Bikes,1120.49,713.08,8473.06,None,active,1/10/2018,3/1/2018,None,USD,8/18/2025,SampleGen,SampleGen,2025-08-26 22:35:41.496602
98,LL Fork,LL Fork,Contoso Outdoor,None,None,None,14,Forks,148.22,65.81,None,None,active,1/10/2018,3/1/2018,None,USD,8/18/2025,SampleGen,SampleGen,2025-08-26 22:35:41.496602
99,ML Fork,ML Fork,Contoso Outdoor,None,None,None,14,Forks,175.49,77.92,None,None,active,1/10/2018,3/1/2018,None,USD,8/18/2025,SampleGen,SampleGen,2025-08-26 22:35:41.496602
100,HL Fork,HL Fork,Contoso Outdoor,None,None,None,14,Forks,229.49,101.89,None,None,active,1/10/2018,3/1/2018,None,USD,8/18/2025,SampleGen,SampleGen,2025-08-26 22:35:41.496602
101,LL Headset,LL Headset,Contoso Outdoor,None,None,None,15,Headsets,34.20,15.18,None,None,active,1/10/2018,3/1/2018,None,USD,8/18/2025,SampleGen,SampleGen,2025-08-26 22:35:41.496602
102,ML Headset,ML Headset,Contoso Outdoor,None,None,None,15,Headsets,102.29,45.42,None,None,active,1/10/2018,3/1/2018,None,USD,8/18/2025,SampleGen,SampleGen,2025-08-26 22:35:41.496602
103,HL Headset,HL Headset,Contoso Outdoor,None,None,None,15,Headsets,124.73,55.38,None,None,active,1/10/2018,3/1/2018,None,USD,8/18/2025,SampleGen,SampleGen,2025-08-26 22:35:41.496602
104,LL Mountain Handlebars,LL Mountain Handlebars,Contoso Outdoor,None,None,None,8,Handlebars,44.54,19.78,None,None,active,1/10/2018,3/1/2018,None,USD,8/18/2025,SampleGen,SampleGen,2025-08-26 22:35:41.496602
105,ML Mountain Handlebars,ML Mountain Handlebars,Contoso Outdoor,None,None,None,8,Handlebars,61.92,27.49,None,None,active,1/10/2018,3/1/2018,None,USD,8/18/2025,SampleGen,SampleGen,2025-08-26 22:35:41.496602
106,HL Mountain Handlebars,HL Mountain Handlebars,Contoso Outdoor,None,None,None,8,Handlebars,120.27,53.40,None,None,active,1/10/2018,3/1/2018,None,USD,8/18/2025,SampleGen,SampleGen,2025-08-26 22:35:41.496602
107,LL Road Handlebars,LL Road Handlebars,Contoso Outdoor,None,None,None,8,Handlebars,44.54,19.78,None,None,active,1/10/2018,3/1/2018,None,USD,8/18/2025,SampleGen,SampleGen,2025-08-26 22:35:41.496602
108,ML Road Handlebars,ML Road Handlebars,Contoso Outdoor,None,None,None,8,Handlebars,61.92,27.49,None,None,active,1/10/2018,3/1/2018,None,USD,8/18/2025,SampleGen,SampleGen,2025-08-26 22:35:41.496602
109,HL Road Handlebars,HL Road Handlebars,Contoso Outdoor,None,None,None,8,Handlebars,120.27,53.40,None,None,active,1/10/2018,3/1/2018,None,USD,8/18/2025,SampleGen,SampleGen,2025-08-26 22:35:41.496602
110,"ML Mountain Frame - Black, 38","ML Mountain Frame - Black, 38",Contoso Outdoor,None,Black,None,16,Mountain Frames,348.76,185.82,1238.3,None,active,1/10/2018,3/1/2018,None,USD,8/18/2025,SampleGen,SampleGen,2025-08-26 22:35:41.496602
111,LL Mountain Front Wheel,LL Mountain Front Wheel,Contoso Outdoor,None,Black,None,21,Wheels,60.75,26.97,None,None,active,1/10/2018,3/1/2018,None,USD,8/18/2025,SampleGen,SampleGen,2025-08-26 22:35:41.496602
112,ML Mountain Front Wheel,ML Mountain Front Wheel,Contoso Outdoor,None,Black,None,21,Wheels,209.03,92.81,None,None,active,1/10/2018,3/1/2018,None,USD,8/18/2025,SampleGen,SampleGen,2025-08-26 22:35:41.496602
113,HL Mountain Front Wheel,HL Mountain Front Wheel,Contoso Outdoor,None,Black,None,21,Wheels,300.22,133.30,None,None,active,1/10/2018,3/1/2018,None,USD,8/18/2025,SampleGen,SampleGen,2025-08-26 22:35:41.496602
114,LL Road Front Wheel,LL Road Front Wheel,Contoso Outdoor,None,Black,None,21,Wheels,85.57,37.99,900.0,None,active,1/10/2018,3/1/2018,None,USD,8/18/2025,SampleGen,SampleGen,2025-08-26 22:35:41.496602
115,ML Road Front Wheel,ML Road Front Wheel,Contoso Outdoor,None,Black,None,21,Wheels,248.39,110.28,850.0,None,active,1/10/2018,3/1/2018,None,USD,8/18/2025,SampleGen,SampleGen,2025-08-26 22:35:41.496602
116,HL Road Front Wheel,HL Road Front Wheel,Contoso Outdoor,None,Black,None,21,Wheels,330.06,146.55,650.0,None,active,1/10/2018,3/1/2018,None,USD,8/18/2025,SampleGen,SampleGen,2025-08-26 22:35:41.496602
117,Touring Front Wheel,Touring Front Wheel,Contoso Outdoor,None,Black,None,21,Wheels,218.01,96.80,None,None,active,1/10/2018,3/1/2018,None,USD,8/18/2025,SampleGen,SampleGen,2025-08-26 22:35:41.496602
118,"ML Road Frame-W - Yellow, 38","ML Road Frame-W - Yellow, 38",Contoso Outdoor,None,Yellow,None,18,Road Frames,594.83,360.94,988.83,None,active,1/10/2018,3/1/2018,None,USD,8/18/2025,SampleGen,SampleGen,2025-08-26 22:35:41.496602
119,LL Mountain Rear Wheel,LL Mountain Rear Wheel,Contoso Outdoor,None,Black,None,21,Wheels,87.75,38.96,None,None,active,1/10/2018,3/1/2018,None,USD,8/18/2025,SampleGen,SampleGen,2025-08-26 22:35:41.496602
120,ML Mountain Rear Wheel,ML Mountain Rear Wheel,Contoso Outdoor,None,Black,None,21,Wheels,236.03,104.80,None,None,active,1/10/2018,3/1/2018,None,USD,8/18/2025,SampleGen,SampleGen,2025-08-26 22:35:41.496602
121,HL Mountain Rear Wheel,HL Mountain Rear Wheel,Contoso Outdoor,None,Black,None,21,Wheels,327.22,145.28,None,None,active,1/10/2018,3/1/2018,None,USD,8/18/2025,SampleGen,SampleGen,2025-08-26 22:35:41.496602
122,LL Road Rear Wheel,LL Road Rear Wheel,Contoso Outdoor,None,Black,None,21,Wheels,112.57,49.98,1050.0,None,active,1/10/2018,3/1/2018,None,USD,8/18/2025,SampleGen,SampleGen,2025-08-26 22:35:41.496602
123,ML Road Rear Wheel,ML Road Rear Wheel,Contoso Outdoor,None,Black,None,21,Wheels,275.39,122.27,1000.0,None,active,1/10/2018,3/1/2018,None,USD,8/18/2025,SampleGen,SampleGen,2025-08-26 22:35:41.496602
124,HL Road Rear Wheel,HL Road Rear Wheel,Contoso Outdoor,None,Black,None,21,Wheels,357.06,158.53,890.0,None,active,1/10/2018,3/1/2018,None,USD,8/18/2025,SampleGen,SampleGen,2025-08-26 22:35:41.496602
125,Touring Rear Wheel,Touring Rear Wheel,Contoso Outdoor,None,Black,None,21,Wheels,245.01,108.78,None,None,active,1/10/2018,3/1/2018,None,USD,8/18/2025,SampleGen,SampleGen,2025-08-26 22:35:41.496602
126,"ML Mountain Frame - Black, 40","ML Mountain Frame - Black, 40",Contoso Outdoor,None,Black,None,16,Mountain Frames,348.76,185.82,1256.44,None,active,1/10/2018,3/1/2018,None,USD,8/18/2025,SampleGen,SampleGen,2025-08-26 22:35:41.496602
127,"ML Mountain Frame - Black, 44","ML Mountain Frame - Black, 44",Contoso Outdoor,None,Black,None,16,Mountain Frames,348.76,185.82,1274.59,None,active,1/10/2018,3/1/2018,None,USD,8/18/2025,SampleGen,SampleGen,2025-08-26 22:35:41.496602
128,"ML Mountain Frame - Black, 48","ML Mountain Frame - Black, 48",Contoso Outdoor,None,Black,None,16,Mountain Frames,348.76,185.82,1292.73,None,active,1/10/2018,3/1/2018,None,USD,8/18/2025,SampleGen,SampleGen,2025-08-26 22:35:41.496602
129,"ML Road Frame-W - Yellow, 40","ML Road Frame-W - Yellow, 40",Contoso Outdoor,None,Yellow,None,18,Road Frames,594.83,360.94,1006.97,None,active,1/10/2018,3/1/2018,None,USD,8/18/2025,SampleGen,SampleGen,2025-08-26 22:35:41.496602
130,"ML Road Frame-W - Yellow, 42","ML Road Frame-W - Yellow, 42",Contoso Outdoor,None,Yellow,None,18,Road Frames,594.83,360.94,1025.11,None,active,1/10/2018,3/1/2018,None,USD,8/18/2025,SampleGen,SampleGen,2025-08-26 22:35:41.496602
131,"ML Road Frame-W - Yellow, 44","ML Road Frame-W - Yellow, 44",Contoso Outdoor,None,Yellow,None,18,Road Frames,594.83,360.94,1043.26,None,active,1/10/2018,3/1/2018,None,USD,8/18/2025,SampleGen,SampleGen,2025-08-26 22:35:41.496602
132,"ML Road Frame-W - Yellow, 48","ML Road Frame-W - Yellow, 48",Contoso Outdoor,None,Yellow,None,18,Road Frames,594.83,360.94,1061.4,None,active,1/10/2018,3/1/2018,None,USD,8/18/2025,SampleGen,SampleGen,2025-08-26 22:35:41.496602
133,"HL Road Frame - Black, 62","HL Road Frame - Black, 62",Contoso Outdoor,None,Black,None,18,Road Frames,1431.50,868.63,1043.26,None,active,1/10/2018,3/1/2018,None,USD,8/18/2025,SampleGen,SampleGen,2025-08-26 22:35:41.496602
134,"HL Road Frame - Black, 44","HL Road Frame - Black, 44",Contoso Outdoor,None,Black,None,18,Road Frames,1431.50,868.63,961.61,None,active,1/10/2018,3/1/2018,None,USD,8/18/2025,SampleGen,SampleGen,2025-08-26 22:35:41.496602
135,"HL Road Frame - Black, 48","HL Road Frame - Black, 48",Contoso Outdoor,None,Black,None,18,Road Frames,1431.50,868.63,979.75,None,active,1/10/2018,3/1/2018,None,USD,8/18/2025,SampleGen,SampleGen,2025-08-26 22:35:41.496602
136,"HL Road Frame - Black, 52","HL Road Frame - Black, 52",Contoso Outdoor,None,Black,None,18,Road Frames,1431.50,868.63,997.9,None,active,1/10/2018,3/1/2018,None,USD,8/18/2025,SampleGen,SampleGen,2025-08-26 22:35:41.496602
137,"Men's Sports Shorts, S","Men's Sports Shorts, S",Contoso Outdoor,None,Black,None,26,Shorts,59.99,24.75,None,None,active,1/10/2018,3/1/2018,None,USD,8/18/2025,SampleGen,SampleGen,2025-08-26 22:35:41.496602
138,"Touring-Panniers, Large","Touring-Panniers, Large",Contoso Outdoor,None,Grey,None,39,Panniers,125.00,51.56,None,None,active,1/10/2018,3/1/2018,None,USD,8/18/2025,SampleGen,SampleGen,2025-08-26 22:35:41.496602
139,Cable Lock,Cable Lock,Contoso Outdoor,None,None,None,38,Locks,25.00,10.31,None,None,active,1/10/2018,3/1/2018,None,USD,8/18/2025,SampleGen,SampleGen,2025-08-26 22:35:41.496602
140,Minipump,Minipump,Contoso Outdoor,None,None,None,40,Pumps,19.99,8.25,None,None,active,1/10/2018,3/1/2018,None,USD,8/18/2025,SampleGen,SampleGen,2025-08-26 22:35:41.496602
141,Mountain Pump,Mountain Pump,Contoso Outdoor,None,None,None,40,Pumps,24.99,10.31,None,None,active,1/10/2018,3/1/2018,None,USD,8/18/2025,SampleGen,SampleGen,2025-08-26 22:35:41.496602
142,Taillights - Battery-Powered,Taillights - Battery-Powered,Contoso Outdoor,None,None,None,37,Lights,13.99,5.77,None,None,active,1/10/2018,3/1/2018,None,USD,8/18/2025,SampleGen,SampleGen,2025-08-26 22:35:41.496602
143,Headlights - Dual-Beam,Headlights - Dual-Beam,Contoso Outdoor,None,None,None,37,Lights,34.99,14.43,None,None,active,1/10/2018,3/1/2018,None,USD,8/18/2025,SampleGen,SampleGen,2025-08-26 22:35:41.496602
144,Headlights - Weatherproof,Headlights - Weatherproof,Contoso Outdoor,None,None,None,37,Lights,44.99,18.56,None,None,active,1/10/2018,3/1/2018,None,USD,8/18/2025,SampleGen,SampleGen,2025-08-26 22:35:41.496602
145,"Men's Sports Shorts, M","Men's Sports Shorts, M",Contoso Outdoor,None,Black,None,26,Shorts,59.99,24.75,None,None,active,1/10/2018,3/1/2018,None,USD,8/18/2025,SampleGen,SampleGen,2025-08-26 22:35:41.496602
146,"Men's Sports Shorts, L","Men's Sports Shorts, L",Contoso Outdoor,None,Black,None,26,Shorts,59.99,24.75,None,None,active,1/10/2018,3/1/2018,None,USD,8/18/2025,SampleGen,SampleGen,2025-08-26 22:35:41.496602
147,"Men's Sports Shorts, XL","Men's Sports Shorts, XL",Contoso Outdoor,None,Black,None,26,Shorts,59.99,24.75,None,None,active,1/10/2018,3/1/2018,None,USD,8/18/2025,SampleGen,SampleGen,2025-08-26 22:35:41.496602
148,"Women's Tights, S","Women's Tights, S",Contoso Outdoor,None,Black,None,28,Tights,74.99,30.93,None,None,active,1/10/2018,3/1/2018,None,USD,8/18/2025,SampleGen,SampleGen,2025-08-26 22:35:41.496602
149,"Women's Tights, M","Women's Tights, M",Contoso Outdoor,None,Black,None,28,Tights,74.99,30.93,None,None,active,1/10/2018,3/1/2018,None,USD,8/18/2025,SampleGen,SampleGen,2025-08-26 22:35:41.496602
150,"Women's Tights, L","Women's Tights, L",Contoso Outdoor,None,Black,None,28,Tights,74.99,30.93,None,None,active,1/10/2018,3/1/2018,None,USD,8/18/2025,SampleGen,SampleGen,2025-08-26 22:35:41.496602
151,"Men's Bib-Shorts, S","Men's Bib-Shorts, S",Contoso Outdoor,None,Multi,None,22,Bib-Shorts,89.99,37.12,None,None,active,1/10/2018,3/1/2018,None,USD,8/18/2025,SampleGen,SampleGen,2025-08-26 22:35:41.496602
152,"Men's Bib-Shorts, M","Men's Bib-Shorts, M",Contoso Outdoor,None,Multi,None,22,Bib-Shorts,89.99,37.12,None,None,active,1/10/2018,3/1/2018,None,USD,8/18/2025,SampleGen,SampleGen,2025-08-26 22:35:41.496602
153,"Men's Bib-Shorts, L","Men's Bib-Shorts, L",Contoso Outdoor,None,Multi,None,22,Bib-Shorts,89.99,37.12,None,None,active,1/10/2018,3/1/2018,None,USD,8/18/2025,SampleGen,SampleGen,2025-08-26 22:35:41.496602
154,"Half-Finger Gloves, S","Half-Finger Gloves, S",Contoso Outdoor,None,Black,None,24,Gloves,24.49,9.16,None,None,active,1/10/2018,3/1/2018,None,USD,8/18/2025,SampleGen,SampleGen,2025-08-26 22:35:41.496602
155,"Half-Finger Gloves, M","Half-Finger Gloves, M",Contoso Outdoor,None,Black,None,24,Gloves,24.49,9.16,None,None,active,1/10/2018,3/1/2018,None,USD,8/18/2025,SampleGen,SampleGen,2025-08-26 22:35:41.496602
156,"Half-Finger Gloves, L","Half-Finger Gloves, L",Contoso Outdoor,None,Black,None,24,Gloves,24.49,9.16,None,None,active,1/10/2018,3/1/2018,None,USD,8/18/2025,SampleGen,SampleGen,2025-08-26 22:35:41.496602
157,"Full-Finger Gloves, S","Full-Finger Gloves, S",Contoso Outdoor,None,Black,None,24,Gloves,37.99,15.67,None,None,active,1/10/2018,3/1/2018,None,USD,8/18/2025,SampleGen,SampleGen,2025-08-26 22:35:41.496602
158,"Full-Finger Gloves, M","Full-Finger Gloves, M",Contoso Outdoor,None,Black,None,24,Gloves,37.99,15.67,None,None,active,1/10/2018,3/1/2018,None,USD,8/18/2025,SampleGen,SampleGen,2025-08-26 22:35:41.496602
159,"Full-Finger Gloves, L","Full-Finger Gloves, L",Contoso Outdoor,None,Black,None,24,Gloves,37.99,15.67,None,None,active,1/10/2018,3/1/2018,None,USD,8/18/2025,SampleGen,SampleGen,2025-08-26 22:35:41.496602
160,"Classic Vest, S","Classic Vest, S",Contoso Outdoor,None,Blue,None,29,Vests,63.50,23.75,None,None,active,1/10/2018,3/1/2018,None,USD,8/18/2025,SampleGen,SampleGen,2025-08-26 22:35:41.496602
161,"Classic Vest, M","Classic Vest, M",Contoso Outdoor,None,Blue,None,29,Vests,63.50,23.75,None,None,active,1/10/2018,3/1/2018,None,USD,8/18/2025,SampleGen,SampleGen,2025-08-26 22:35:41.496602
162,"Classic Vest, L","Classic Vest, L",Contoso Outdoor,None,Blue,None,29,Vests,63.50,23.75,None,None,active,1/10/2018,3/1/2018,None,USD,8/18/2025,SampleGen,SampleGen,2025-08-26 22:35:41.496602
163,"Women's Mountain Shorts, S","Women's Mountain Shorts, S",Contoso Outdoor,None,Black,None,26,Shorts,69.99,26.18,None,None,active,1/10/2018,3/1/2018,None,USD,8/18/2025,SampleGen,SampleGen,2025-08-26 22:35:41.496602
164,"Women's Mountain Shorts, M","Women's Mountain Shorts, M",Contoso Outdoor,None,Black,None,26,Shorts,69.99,26.18,None,None,active,1/10/2018,3/1/2018,None,USD,8/18/2025,SampleGen,SampleGen,2025-08-26 22:35:41.496602
165,"Women's Mountain Shorts, L","Women's Mountain Shorts, L",Contoso Outdoor,None,Black,None,26,Shorts,69.99,26.18,None,None,active,1/10/2018,3/1/2018,None,USD,8/18/2025,SampleGen,SampleGen,2025-08-26 22:35:41.496602
166,Water Bottle - 30 oz.,Water Bottle - 30 oz.,Contoso Outdoor,None,None,None,32,Bottles and Cages,4.99,1.87,None,None,active,1/10/2018,3/1/2018,None,USD,8/18/2025,SampleGen,SampleGen,2025-08-26 22:35:41.496602
167,Mountain Bottle Cage,Mountain Bottle Cage,Contoso Outdoor,None,None,None,32,Bottles and Cages,9.99,3.74,None,None,active,1/10/2018,3/1/2018,None,USD,8/18/2025,SampleGen,SampleGen,2025-08-26 22:35:41.496602
168,Road Bottle Cage,Road Bottle Cage,Contoso Outdoor,None,None,None,32,Bottles and Cages,8.99,3.36,None,None,active,1/10/2018,3/1/2018,None,USD,8/18/2025,SampleGen,SampleGen,2025-08-26 22:35:41.496602
169,Patch Kit/8 Patches,Patch Kit/8 Patches,Contoso Outdoor,None,None,None,41,Tires and Tubes,2.29,0.86,None,None,active,1/10/2018,3/1/2018,None,USD,8/18/2025,SampleGen,SampleGen,2025-08-26 22:35:41.496602
170,"Racing Socks, M","Racing Socks, M",Contoso Outdoor,None,White,None,27,Socks,8.99,3.36,None,None,active,1/10/2018,3/1/2018,None,USD,8/18/2025,SampleGen,SampleGen,2025-08-26 22:35:41.496602
171,"Racing Socks, L","Racing Socks, L",Contoso Outdoor,None,White,None,27,Socks,8.99,3.36,None,None,active,1/10/2018,3/1/2018,None,USD,8/18/2025,SampleGen,SampleGen,2025-08-26 22:35:41.496602
172,Hitch Rack - 4-Bike,Hitch Rack - 4-Bike,Contoso Outdoor,None,None,None,30,Bike Racks,120.00,44.88,None,None,active,1/10/2018,3/1/2018,None,USD,8/18/2025,SampleGen,SampleGen,2025-08-26 22:35:41.496602
173,Bike Wash - Dissolver,Bike Wash - Dissolver,Contoso Outdoor,None,None,None,33,Cleaners,7.95,2.97,None,None,active,1/10/2018,3/1/2018,None,USD,8/18/2025,SampleGen,SampleGen,2025-08-26 22:35:41.496602
174,Fender Set - Mountain,Fender Set - Mountain,Contoso Outdoor,None,None,None,34,Fenders,21.98,8.22,None,None,active,1/10/2018,3/1/2018,None,USD,8/18/2025,SampleGen,SampleGen,2025-08-26 22:35:41.496602
175,All-Purpose Bike Stand,All-Purpose Bike Stand,Contoso Outdoor,None,None,None,31,Bike Stands,159.00,59.47,None,None,active,1/10/2018,3/1/2018,None,USD,8/18/2025,SampleGen,SampleGen,2025-08-26 22:35:41.496602
176,Hydration Pack - 70 oz.,Hydration Pack - 70 oz.,Contoso Outdoor,None,Silver,None,36,Hydration Packs,54.99,20.57,None,None,active,1/10/2018,3/1/2018,None,USD,8/18/2025,SampleGen,SampleGen,2025-08-26 22:35:41.496602
177,"Short-Sleeve Classic Jersey, S","Short-Sleeve Classic Jersey, S",Contoso Outdoor,None,Yellow,None,25,Jerseys,53.99,41.57,None,None,active,1/10/2018,3/1/2018,None,USD,8/18/2025,SampleGen,SampleGen,2025-08-26 22:35:41.496602
178,"Short-Sleeve Classic Jersey, M","Short-Sleeve Classic Jersey, M",Contoso Outdoor,None,Yellow,None,25,Jerseys,53.99,41.57,None,None,active,1/10/2018,3/1/2018,None,USD,8/18/2025,SampleGen,SampleGen,2025-08-26 22:35:41.496602
179,"Short-Sleeve Classic Jersey, L","Short-Sleeve Classic Jersey, L",Contoso Outdoor,None,Yellow,None,25,Jerseys,53.99,41.57,None,None,active,1/10/2018,3/1/2018,None,USD,8/18/2025,SampleGen,SampleGen,2025-08-26 22:35:41.496602
180,"Short-Sleeve Classic Jersey, XL","Short-Sleeve Classic Jersey, XL",Contoso Outdoor,None,Yellow,None,25,Jerseys,53.99,41.57,None,None,active,1/10/2018,3/1/2018,None,USD,8/18/2025,SampleGen,SampleGen,2025-08-26 22:35:41.496602
181,"HL Touring Frame - Yellow, 60","HL Touring Frame - Yellow, 60",Contoso Outdoor,None,Yellow,None,20,Touring Frames,1003.91,601.74,1397.06,None,active,1/10/2018,3/1/2018,None,USD,8/18/2025,SampleGen,SampleGen,2025-08-26 22:35:41.496602
182,"LL Touring Frame - Yellow, 62","LL Touring Frame - Yellow, 62",Contoso Outdoor,None,Yellow,None,20,Touring Frames,333.42,199.85,1451.49,None,active,1/10/2018,3/1/2018,None,USD,8/18/2025,SampleGen,SampleGen,2025-08-26 22:35:41.496602
183,"HL Touring Frame - Yellow, 46","HL Touring Frame - Yellow, 46",Contoso Outdoor,None,Yellow,None,20,Touring Frames,1003.91,601.74,1342.63,None,active,1/10/2018,3/1/2018,None,USD,8/18/2025,SampleGen,SampleGen,2025-08-26 22:35:41.496602
184,"HL Touring Frame - Yellow, 50","HL Touring Frame - Yellow, 50",Contoso Outdoor,None,Yellow,None,20,Touring Frames,1003.91,601.74,1360.77,None,active,1/10/2018,3/1/2018,None,USD,8/18/2025,SampleGen,SampleGen,2025-08-26 22:35:41.496602
185,"HL Touring Frame - Yellow, 54","HL Touring Frame - Yellow, 54",Contoso Outdoor,None,Yellow,None,20,Touring Frames,1003.91,601.74,1378.91,None,active,1/10/2018,3/1/2018,None,USD,8/18/2025,SampleGen,SampleGen,2025-08-26 22:35:41.496602
186,"HL Touring Frame - Blue, 46","HL Touring Frame - Blue, 46",Contoso Outdoor,None,Blue,None,20,Touring Frames,1003.91,601.74,1342.63,None,active,1/10/2018,3/1/2018,None,USD,8/18/2025,SampleGen,SampleGen,2025-08-26 22:35:41.496602
187,"HL Touring Frame - Blue, 50","HL Touring Frame - Blue, 50",Contoso Outdoor,None,Blue,None,20,Touring Frames,1003.91,601.74,1360.77,None,active,1/10/2018,3/1/2018,None,USD,8/18/2025,SampleGen,SampleGen,2025-08-26 22:35:41.496602
188,"HL Touring Frame - Blue, 54","HL Touring Frame - Blue, 54",Contoso Outdoor,None,Blue,None,20,Touring Frames,1003.91,601.74,1378.91,None,active,1/10/2018,3/1/2018,None,USD,8/18/2025,SampleGen,SampleGen,2025-08-26 22:35:41.496602
189,"HL Touring Frame - Blue, 60","HL Touring Frame - Blue, 60",Contoso Outdoor,None,Blue,None,20,Touring Frames,1003.91,601.74,1397.06,None,active,1/10/2018,3/1/2018,None,USD,8/18/2025,SampleGen,SampleGen,2025-08-26 22:35:41.496602
190,Rear Derailleur,Rear Derailleur,Contoso Outdoor,None,Silver,None,13,Derailleurs,121.46,53.93,215.0,None,active,1/10/2018,3/1/2018,None,USD,8/18/2025,SampleGen,SampleGen,2025-08-26 22:35:41.496602
191,"LL Touring Frame - Blue, 50","LL Touring Frame - Blue, 50",Contoso Outdoor,None,Blue,None,20,Touring Frames,333.42,199.85,1406.13,None,active,1/10/2018,3/1/2018,None,USD,8/18/2025,SampleGen,SampleGen,2025-08-26 22:35:41.496602
192,"LL Touring Frame - Blue, 54","LL Touring Frame - Blue, 54",Contoso Outdoor,None,Blue,None,20,Touring Frames,333.42,199.85,1424.27,None,active,1/10/2018,3/1/2018,None,USD,8/18/2025,SampleGen,SampleGen,2025-08-26 22:35:41.496602
193,"LL Touring Frame - Blue, 58","LL Touring Frame - Blue, 58",Contoso Outdoor,None,Blue,None,20,Touring Frames,333.42,199.85,1433.34,None,active,1/10/2018,3/1/2018,None,USD,8/18/2025,SampleGen,SampleGen,2025-08-26 22:35:41.496602
194,"LL Touring Frame - Blue, 62","LL Touring Frame - Blue, 62",Contoso Outdoor,None,Blue,None,20,Touring Frames,333.42,199.85,1451.49,None,active,1/10/2018,3/1/2018,None,USD,8/18/2025,SampleGen,SampleGen,2025-08-26 22:35:41.496602
195,"LL Touring Frame - Yellow, 44","LL Touring Frame - Yellow, 44",Contoso Outdoor,None,Yellow,None,20,Touring Frames,333.42,199.85,1369.84,None,active,1/10/2018,3/1/2018,None,USD,8/18/2025,SampleGen,SampleGen,2025-08-26 22:35:41.496602
196,"LL Touring Frame - Yellow, 50","LL Touring Frame - Yellow, 50",Contoso Outdoor,None,Yellow,None,20,Touring Frames,333.42,199.85,1406.13,None,active,1/10/2018,3/1/2018,None,USD,8/18/2025,SampleGen,SampleGen,2025-08-26 22:35:41.496602
197,"LL Touring Frame - Yellow, 54","LL Touring Frame - Yellow, 54",Contoso Outdoor,None,Yellow,None,20,Touring Frames,333.42,199.85,1424.27,None,active,1/10/2018,3/1/2018,None,USD,8/18/2025,SampleGen,SampleGen,2025-08-26 22:35:41.496602
198,"LL Touring Frame - Yellow, 58","LL Touring Frame - Yellow, 58",Contoso Outdoor,None,Yellow,None,20,Touring Frames,333.42,199.85,1433.34,None,active,1/10/2018,3/1/2018,None,USD,8/18/2025,SampleGen,SampleGen,2025-08-26 22:35:41.496602
199,"LL Touring Frame - Blue, 44","LL Touring Frame - Blue, 44",Contoso Outdoor,None,Blue,None,20,Touring Frames,333.42,199.85,1369.84,None,active,1/10/2018,3/1/2018,None,USD,8/18/2025,SampleGen,SampleGen,2025-08-26 22:35:41.496602
200,"ML Mountain Frame-W - Silver, 40","ML Mountain Frame-W - Silver, 40",Contoso Outdoor,None,Silver,None,16,Mountain Frames,364.09,199.38,1256.44,None,active,1/10/2018,3/1/2018,None,USD,8/18/2025,SampleGen,SampleGen,2025-08-26 22:35:41.496602
201,"ML Mountain Frame-W - Silver, 42","ML Mountain Frame-W - Silver, 42",Contoso Outdoor,None,Silver,None,16,Mountain Frames,364.09,199.38,1274.59,None,active,1/10/2018,3/1/2018,None,USD,8/18/2025,SampleGen,SampleGen,2025-08-26 22:35:41.496602
202,"ML Mountain Frame-W - Silver, 46","ML Mountain Frame-W - Silver, 46",Contoso Outdoor,None,Silver,None,16,Mountain Frames,364.09,199.38,1292.73,None,active,1/10/2018,3/1/2018,None,USD,8/18/2025,SampleGen,SampleGen,2025-08-26 22:35:41.496602
203,Rear Brakes,Rear Brakes,Contoso Outdoor,None,Silver,None,10,Brakes,106.50,47.29,317.0,None,active,1/10/2018,3/1/2018,None,USD,8/18/2025,SampleGen,SampleGen,2025-08-26 22:35:41.496602
204,LL Mountain Seat/Saddle,LL Mountain Seat/Saddle,Contoso Outdoor,None,None,None,19,Saddles,27.12,12.04,None,None,active,1/10/2018,3/1/2018,None,USD,8/18/2025,SampleGen,SampleGen,2025-08-26 22:35:41.496602
205,ML Mountain Seat/Saddle,ML Mountain Seat/Saddle,Contoso Outdoor,None,None,None,19,Saddles,39.14,17.38,None,None,active,1/10/2018,3/1/2018,None,USD,8/18/2025,SampleGen,SampleGen,2025-08-26 22:35:41.496602
206,HL Mountain Seat/Saddle,HL Mountain Seat/Saddle,Contoso Outdoor,None,None,None,19,Saddles,52.64,23.37,None,None,active,1/10/2018,3/1/2018,None,USD,8/18/2025,SampleGen,SampleGen,2025-08-26 22:35:41.496602
207,LL Road Seat/Saddle,LL Road Seat/Saddle,Contoso Outdoor,None,None,None,19,Saddles,27.12,12.04,None,None,active,1/10/2018,3/1/2018,None,USD,8/18/2025,SampleGen,SampleGen,2025-08-26 22:35:41.496602
208,ML Road Seat/Saddle,ML Road Seat/Saddle,Contoso Outdoor,None,None,None,19,Saddles,39.14,17.38,None,None,active,1/10/2018,3/1/2018,None,USD,8/18/2025,SampleGen,SampleGen,2025-08-26 22:35:41.496602
209,HL Road Seat/Saddle,HL Road Seat/Saddle,Contoso Outdoor,None,None,None,19,Saddles,52.64,23.37,None,None,active,1/10/2018,3/1/2018,None,USD,8/18/2025,SampleGen,SampleGen,2025-08-26 22:35:41.496602
210,LL Touring Seat/Saddle,LL Touring Seat/Saddle,Contoso Outdoor,None,None,None,19,Saddles,27.12,12.04,None,None,active,1/10/2018,3/1/2018,None,USD,8/18/2025,SampleGen,SampleGen,2025-08-26 22:35:41.496602
211,ML Touring Seat/Saddle,ML Touring Seat/Saddle,Contoso Outdoor,None,None,None,19,Saddles,39.14,17.38,None,None,active,1/10/2018,3/1/2018,None,USD,8/18/2025,SampleGen,SampleGen,2025-08-26 22:35:41.496602
212,HL Touring Seat/Saddle,HL Touring Seat/Saddle,Contoso Outdoor,None,None,None,19,Saddles,52.64,23.37,None,None,active,1/10/2018,3/1/2018,None,USD,8/18/2025,SampleGen,SampleGen,2025-08-26 22:35:41.496602
213,"LL Mountain Frame - Silver, 42","LL Mountain Frame - Silver, 42",Contoso Outdoor,None,Silver,None,16,Mountain Frames,264.05,144.59,1324.48,None,active,1/10/2018,3/1/2018,None,USD,8/18/2025,SampleGen,SampleGen,2025-08-26 22:35:41.496602
214,"LL Mountain Frame - Silver, 44","LL Mountain Frame - Silver, 44",Contoso Outdoor,None,Silver,None,16,Mountain Frames,264.05,144.59,1342.63,None,active,1/10/2018,3/1/2018,None,USD,8/18/2025,SampleGen,SampleGen,2025-08-26 22:35:41.496602
215,"LL Mountain Frame - Silver, 48","LL Mountain Frame - Silver, 48",Contoso Outdoor,None,Silver,None,16,Mountain Frames,264.05,144.59,1360.77,None,active,1/10/2018,3/1/2018,None,USD,8/18/2025,SampleGen,SampleGen,2025-08-26 22:35:41.496602
216,"LL Mountain Frame - Silver, 52","LL Mountain Frame - Silver, 52",Contoso Outdoor,None,Silver,None,16,Mountain Frames,264.05,144.59,1378.91,None,active,1/10/2018,3/1/2018,None,USD,8/18/2025,SampleGen,SampleGen,2025-08-26 22:35:41.496602
217,Mountain Tire Tube,Mountain Tire Tube,Contoso Outdoor,None,None,None,41,Tires and Tubes,4.99,1.87,None,None,active,1/10/2018,3/1/2018,None,USD,8/18/2025,SampleGen,SampleGen,2025-08-26 22:35:41.496602
218,Road Tire Tube,Road Tire Tube,Contoso Outdoor,None,None,None,41,Tires and Tubes,3.99,1.49,None,None,active,1/10/2018,3/1/2018,None,USD,8/18/2025,SampleGen,SampleGen,2025-08-26 22:35:41.496602
219,Touring Tire Tube,Touring Tire Tube,Contoso Outdoor,None,None,None,41,Tires and Tubes,4.99,1.87,None,None,active,1/10/2018,3/1/2018,None,USD,8/18/2025,SampleGen,SampleGen,2025-08-26 22:35:41.496602
220,"LL Mountain Frame - Black, 42","LL Mountain Frame - Black, 42",Contoso Outdoor,None,Black,None,16,Mountain Frames,249.79,136.79,1324.48,None,active,1/10/2018,3/1/2018,None,USD,8/18/2025,SampleGen,SampleGen,2025-08-26 22:35:41.496602
221,"LL Mountain Frame - Black, 44","LL Mountain Frame - Black, 44",Contoso Outdoor,None,Black,None,16,Mountain Frames,249.79,136.79,1342.63,None,active,1/10/2018,3/1/2018,None,USD,8/18/2025,SampleGen,SampleGen,2025-08-26 22:35:41.496602
222,"LL Mountain Frame - Black, 48","LL Mountain Frame - Black, 48",Contoso Outdoor,None,Black,None,16,Mountain Frames,249.79,136.79,1360.77,None,active,1/10/2018,3/1/2018,None,USD,8/18/2025,SampleGen,SampleGen,2025-08-26 22:35:41.496602
223,"LL Mountain Frame - Black, 52","LL Mountain Frame - Black, 52",Contoso Outdoor,None,Black,None,16,Mountain Frames,249.79,136.79,1378.91,None,active,1/10/2018,3/1/2018,None,USD,8/18/2025,SampleGen,SampleGen,2025-08-26 22:35:41.496602
224,LL Mountain Tire,LL Mountain Tire,Contoso Outdoor,None,None,None,41,Tires and Tubes,24.99,9.35,None,None,active,1/10/2018,3/1/2018,None,USD,8/18/2025,SampleGen,SampleGen,2025-08-26 22:35:41.496602
225,ML Mountain Tire,ML Mountain Tire,Contoso Outdoor,None,None,None,41,Tires and Tubes,29.99,11.22,None,None,active,1/10/2018,3/1/2018,None,USD,8/18/2025,SampleGen,SampleGen,2025-08-26 22:35:41.496602
226,HL Mountain Tire,HL Mountain Tire,Contoso Outdoor,None,None,None,41,Tires and Tubes,35.00,13.09,None,None,active,1/10/2018,3/1/2018,None,USD,8/18/2025,SampleGen,SampleGen,2025-08-26 22:35:41.496602
227,LL Road Tire,LL Road Tire,Contoso Outdoor,None,None,None,41,Tires and Tubes,21.49,8.04,None,None,active,1/10/2018,3/1/2018,None,USD,8/18/2025,SampleGen,SampleGen,2025-08-26 22:35:41.496602
228,ML Road Tire,ML Road Tire,Contoso Outdoor,None,None,None,41,Tires and Tubes,24.99,9.35,None,None,active,1/10/2018,3/1/2018,None,USD,8/18/2025,SampleGen,SampleGen,2025-08-26 22:35:41.496602
229,HL Road Tire,HL Road Tire,Contoso Outdoor,None,None,None,41,Tires and Tubes,32.60,12.19,None,None,active,1/10/2018,3/1/2018,None,USD,8/18/2025,SampleGen,SampleGen,2025-08-26 22:35:41.496602
230,Touring Tire,Touring Tire,Contoso Outdoor,None,None,None,41,Tires and Tubes,28.99,10.84,None,None,active,1/10/2018,3/1/2018,None,USD,8/18/2025,SampleGen,SampleGen,2025-08-26 22:35:41.496602
231,LL Mountain Pedal,LL Mountain Pedal,Contoso Outdoor,None,Silver/Black,None,17,Pedals,40.49,17.98,218.0,None,active,1/10/2018,3/1/2018,None,USD,8/18/2025,SampleGen,SampleGen,2025-08-26 22:35:41.496602
232,ML Mountain Pedal,ML Mountain Pedal,Contoso Outdoor,None,Silver/Black,None,17,Pedals,62.09,27.57,215.0,None,active,1/10/2018,3/1/2018,None,USD,8/18/2025,SampleGen,SampleGen,2025-08-26 22:35:41.496602
233,HL Mountain Pedal,HL Mountain Pedal,Contoso Outdoor,None,Silver/Black,None,17,Pedals,80.99,35.96,185.0,None,active,1/10/2018,3/1/2018,None,USD,8/18/2025,SampleGen,SampleGen,2025-08-26 22:35:41.496602
234,LL Road Pedal,LL Road Pedal,Contoso Outdoor,None,Silver/Black,None,17,Pedals,40.49,17.98,189.0,None,active,1/10/2018,3/1/2018,None,USD,8/18/2025,SampleGen,SampleGen,2025-08-26 22:35:41.496602
235,ML Road Pedal,ML Road Pedal,Contoso Outdoor,None,Silver/Black,None,17,Pedals,62.09,27.57,168.0,None,active,1/10/2018,3/1/2018,None,USD,8/18/2025,SampleGen,SampleGen,2025-08-26 22:35:41.496602
236,HL Road Pedal,HL Road Pedal,Contoso Outdoor,None,Silver/Black,None,17,Pedals,80.99,35.96,149.0,None,active,1/10/2018,3/1/2018,None,USD,8/18/2025,SampleGen,SampleGen,2025-08-26 22:35:41.496602
237,Touring Pedal,Touring Pedal,Contoso Outdoor,None,Silver/Black,None,17,Pedals,80.99,35.96,None,None,active,1/10/2018,3/1/2018,None,USD,8/18/2025,SampleGen,SampleGen,2025-08-26 22:35:41.496602
238,"ML Mountain Frame-W - Silver, 38","ML Mountain Frame-W - Silver, 38",Contoso Outdoor,None,Silver,None,16,Mountain Frames,364.09,199.38,1238.3,None,active,1/10/2018,3/1/2018,None,USD,8/18/2025,SampleGen,SampleGen,2025-08-26 22:35:41.496602
239,"LL Mountain Frame - Black, 40","LL Mountain Frame - Black, 40",Contoso Outdoor,None,Black,None,16,Mountain Frames,249.79,136.79,1306.34,None,active,1/10/2018,3/1/2018,None,USD,8/18/2025,SampleGen,SampleGen,2025-08-26 22:35:41.496602
240,"LL Mountain Frame - Silver, 40","LL Mountain Frame - Silver, 40",Contoso Outdoor,None,Silver,None,16,Mountain Frames,264.05,144.59,1306.34,None,active,1/10/2018,3/1/2018,None,USD,8/18/2025,SampleGen,SampleGen,2025-08-26 22:35:41.496602
241,Front Derailleur,Front Derailleur,Contoso Outdoor,None,Silver,None,13,Derailleurs,91.49,40.62,88.0,None,active,1/10/2018,3/1/2018,None,USD,8/18/2025,SampleGen,SampleGen,2025-08-26 22:35:41.496602
242,LL Touring Handlebars,LL Touring Handlebars,Contoso Outdoor,None,None,None,8,Handlebars,46.09,20.46,None,None,active,1/10/2018,3/1/2018,None,USD,8/18/2025,SampleGen,SampleGen,2025-08-26 22:35:41.496602
243,HL Touring Handlebars,HL Touring Handlebars,Contoso Outdoor,None,None,None,8,Handlebars,91.57,40.66,None,None,active,1/10/2018,3/1/2018,None,USD,8/18/2025,SampleGen,SampleGen,2025-08-26 22:35:41.496602
244,Front Brakes,Front Brakes,Contoso Outdoor,None,Silver,None,10,Brakes,106.50,47.29,317.0,None,active,1/10/2018,3/1/2018,None,USD,8/18/2025,SampleGen,SampleGen,2025-08-26 22:35:41.496602
245,LL Crankset,LL Crankset,Contoso Outdoor,None,Black,None,12,Cranksets,175.49,77.92,600.0,None,active,1/10/2018,3/1/2018,None,USD,8/18/2025,SampleGen,SampleGen,2025-08-26 22:35:41.496602
246,ML Crankset,ML Crankset,Contoso Outdoor,None,Black,None,12,Cranksets,256.49,113.88,635.0,None,active,1/10/2018,3/1/2018,None,USD,8/18/2025,SampleGen,SampleGen,2025-08-26 22:35:41.496602
247,HL Crankset,HL Crankset,Contoso Outdoor,None,Black,None,12,Cranksets,404.99,179.82,575.0,None,active,1/10/2018,3/1/2018,None,USD,8/18/2025,SampleGen,SampleGen,2025-08-26 22:35:41.496602
248,Chain,Chain,Contoso Outdoor,None,Silver,None,11,Chains,20.24,8.99,None,None,active,1/10/2018,3/1/2018,None,USD,8/18/2025,SampleGen,SampleGen,2025-08-26 22:35:41.496602
249,"Touring-2000 Blue, 60","Touring-2000 Blue, 60",Contoso Outdoor,None,Blue,None,7,Touring Bikes,1214.85,755.15,12655.16,None,active,1/10/2018,3/1/2018,None,USD,8/18/2025,SampleGen,SampleGen,2025-08-26 22:35:41.496602
250,"Touring-1000 Yellow, 46","Touring-1000 Yellow, 46",Contoso Outdoor,None,Yellow,None,7,Touring Bikes,2384.07,1481.94,11398.72,None,active,1/10/2018,3/1/2018,None,USD,8/18/2025,SampleGen,SampleGen,2025-08-26 22:35:41.496602
251,"Touring-1000 Yellow, 50","Touring-1000 Yellow, 50",Contoso Outdoor,None,Yellow,None,7,Touring Bikes,2384.07,1481.94,11530.26,None,active,1/10/2018,3/1/2018,None,USD,8/18/2025,SampleGen,SampleGen,2025-08-26 22:35:41.496602
252,"Touring-1000 Yellow, 54","Touring-1000 Yellow, 54",Contoso Outdoor,None,Yellow,None,7,Touring Bikes,2384.07,1481.94,11648.19,None,active,1/10/2018,3/1/2018,None,USD,8/18/2025,SampleGen,SampleGen,2025-08-26 22:35:41.496602
253,"Touring-1000 Yellow, 60","Touring-1000 Yellow, 60",Contoso Outdoor,None,Yellow,None,7,Touring Bikes,2384.07,1481.94,11747.98,None,active,1/10/2018,3/1/2018,None,USD,8/18/2025,SampleGen,SampleGen,2025-08-26 22:35:41.496602
254,"Touring-3000 Blue, 54","Touring-3000 Blue, 54",Contoso Outdoor,None,Blue,None,7,Touring Bikes,742.35,461.44,13462.55,None,active,1/10/2018,3/1/2018,None,USD,8/18/2025,SampleGen,SampleGen,2025-08-26 22:35:41.496602
255,"Touring-3000 Blue, 58","Touring-3000 Blue, 58",Contoso Outdoor,None,Blue,None,7,Touring Bikes,742.35,461.44,13562.34,None,active,1/10/2018,3/1/2018,None,USD,8/18/2025,SampleGen,SampleGen,2025-08-26 22:35:41.496602
256,"Touring-3000 Blue, 62","Touring-3000 Blue, 62",Contoso Outdoor,None,Blue,None,7,Touring Bikes,742.35,461.44,13607.7,None,active,1/10/2018,3/1/2018,None,USD,8/18/2025,SampleGen,SampleGen,2025-08-26 22:35:41.496602
257,"Touring-3000 Yellow, 44","Touring-3000 Yellow, 44",Contoso Outdoor,None,Yellow,None,7,Touring Bikes,742.35,461.44,13049.78,None,active,1/10/2018,3/1/2018,None,USD,8/18/2025,SampleGen,SampleGen,2025-08-26 22:35:41.496602
258,"Touring-3000 Yellow, 50","Touring-3000 Yellow, 50",Contoso Outdoor,None,Yellow,None,7,Touring Bikes,742.35,461.44,13213.08,None,active,1/10/2018,3/1/2018,None,USD,8/18/2025,SampleGen,SampleGen,2025-08-26 22:35:41.496602
259,"Touring-3000 Yellow, 54","Touring-3000 Yellow, 54",Contoso Outdoor,None,Yellow,None,7,Touring Bikes,742.35,461.44,13344.62,None,active,1/10/2018,3/1/2018,None,USD,8/18/2025,SampleGen,SampleGen,2025-08-26 22:35:41.496602
260,"Touring-3000 Yellow, 58","Touring-3000 Yellow, 58",Contoso Outdoor,None,Yellow,None,7,Touring Bikes,742.35,461.44,13512.45,None,active,1/10/2018,3/1/2018,None,USD,8/18/2025,SampleGen,SampleGen,2025-08-26 22:35:41.496602
261,"Touring-3000 Yellow, 62","Touring-3000 Yellow, 62",Contoso Outdoor,None,Yellow,None,7,Touring Bikes,742.35,461.44,13607.7,None,active,1/10/2018,3/1/2018,None,USD,8/18/2025,SampleGen,SampleGen,2025-08-26 22:35:41.496602
262,"Touring-1000 Blue, 46","Touring-1000 Blue, 46",Contoso Outdoor,None,Blue,None,7,Touring Bikes,2384.07,1481.94,11398.72,None,active,1/10/2018,3/1/2018,None,USD,8/18/2025,SampleGen,SampleGen,2025-08-26 22:35:41.496602
263,"Touring-1000 Blue, 50","Touring-1000 Blue, 50",Contoso Outdoor,None,Blue,None,7,Touring Bikes,2384.07,1481.94,11530.26,None,active,1/10/2018,3/1/2018,None,USD,8/18/2025,SampleGen,SampleGen,2025-08-26 22:35:41.496602
264,"Touring-1000 Blue, 54","Touring-1000 Blue, 54",Contoso Outdoor,None,Blue,None,7,Touring Bikes,2384.07,1481.94,11648.19,None,active,1/10/2018,3/1/2018,None,USD,8/18/2025,SampleGen,SampleGen,2025-08-26 22:35:41.496602
265,"Touring-1000 Blue, 60","Touring-1000 Blue, 60",Contoso Outdoor,None,Blue,None,7,Touring Bikes,2384.07,1481.94,11747.98,None,active,1/10/2018,3/1/2018,None,USD,8/18/2025,SampleGen,SampleGen,2025-08-26 22:35:41.496602
266,"Touring-2000 Blue, 46","Touring-2000 Blue, 46",Contoso Outdoor,None,Blue,None,7,Touring Bikes,1214.85,755.15,12305.9,None,active,1/10/2018,3/1/2018,None,USD,8/18/2025,SampleGen,SampleGen,2025-08-26 22:35:41.496602
267,"Touring-2000 Blue, 50","Touring-2000 Blue, 50",Contoso Outdoor,None,Blue,None,7,Touring Bikes,1214.85,755.15,12437.44,None,active,1/10/2018,3/1/2018,None,USD,8/18/2025,SampleGen,SampleGen,2025-08-26 22:35:41.496602
268,"Touring-2000 Blue, 54","Touring-2000 Blue, 54",Contoso Outdoor,None,Blue,None,7,Touring Bikes,1214.85,755.15,12555.37,None,active,1/10/2018,3/1/2018,None,USD,8/18/2025,SampleGen,SampleGen,2025-08-26 22:35:41.496602
269,"Road-350-W Yellow, 40","Road-350-W Yellow, 40",Contoso Outdoor,None,Yellow,None,6,Road Bikes,1700.99,1082.51,6962.61,None,active,1/10/2018,3/1/2018,None,USD,8/18/2025,SampleGen,SampleGen,2025-08-26 22:35:41.496602
270,"Road-350-W Yellow, 42","Road-350-W Yellow, 42",Contoso Outdoor,None,Yellow,None,6,Road Bikes,1700.99,1082.51,7153.11,None,active,1/10/2018,3/1/2018,None,USD,8/18/2025,SampleGen,SampleGen,2025-08-26 22:35:41.496602
271,"Road-350-W Yellow, 44","Road-350-W Yellow, 44",Contoso Outdoor,None,Yellow,None,6,Road Bikes,1700.99,1082.51,7316.41,None,active,1/10/2018,3/1/2018,None,USD,8/18/2025,SampleGen,SampleGen,2025-08-26 22:35:41.496602
272,"Road-350-W Yellow, 48","Road-350-W Yellow, 48",Contoso Outdoor,None,Yellow,None,6,Road Bikes,1700.99,1082.51,7447.95,None,active,1/10/2018,3/1/2018,None,USD,8/18/2025,SampleGen,SampleGen,2025-08-26 22:35:41.496602
273,"Road-750 Black, 58","Road-750 Black, 58",Contoso Outdoor,None,Black,None,6,Road Bikes,539.99,343.65,9430.14,None,active,1/10/2018,3/1/2018,None,USD,8/18/2025,SampleGen,SampleGen,2025-08-26 22:35:41.496602
274,"Touring-3000 Blue, 44","Touring-3000 Blue, 44",Contoso Outdoor,None,Blue,None,7,Touring Bikes,742.35,461.44,13049.78,None,active,1/10/2018,3/1/2018,None,USD,8/18/2025,SampleGen,SampleGen,2025-08-26 22:35:41.496602
275,"Touring-3000 Blue, 50","Touring-3000 Blue, 50",Contoso Outdoor,None,Blue,None,7,Touring Bikes,742.35,461.44,13213.08,None,active,1/10/2018,3/1/2018,None,USD,8/18/2025,SampleGen,SampleGen,2025-08-26 22:35:41.496602
276,"Mountain-400-W Silver, 38","Mountain-400-W Silver, 38",Contoso Outdoor,None,Silver,None,5,Mountain Bikes,769.49,419.78,11952.1,None,active,1/10/2018,3/1/2018,None,USD,8/18/2025,SampleGen,SampleGen,2025-08-26 22:35:41.496602
277,"Mountain-400-W Silver, 40","Mountain-400-W Silver, 40",Contoso Outdoor,None,Silver,None,5,Mountain Bikes,769.49,419.78,12142.6,None,active,1/10/2018,3/1/2018,None,USD,8/18/2025,SampleGen,SampleGen,2025-08-26 22:35:41.496602
278,"Mountain-400-W Silver, 42","Mountain-400-W Silver, 42",Contoso Outdoor,None,Silver,None,5,Mountain Bikes,769.49,419.78,12305.9,None,active,1/10/2018,3/1/2018,None,USD,8/18/2025,SampleGen,SampleGen,2025-08-26 22:35:41.496602
279,"Mountain-400-W Silver, 46","Mountain-400-W Silver, 46",Contoso Outdoor,None,Silver,None,5,Mountain Bikes,769.49,419.78,12437.44,None,active,1/10/2018,3/1/2018,None,USD,8/18/2025,SampleGen,SampleGen,2025-08-26 22:35:41.496602
280,"Mountain-500 Silver, 40","Mountain-500 Silver, 40",Contoso Outdoor,None,Silver,None,5,Mountain Bikes,564.99,308.22,12405.69,None,active,1/10/2018,3/1/2018,None,USD,8/18/2025,SampleGen,SampleGen,2025-08-26 22:35:41.496602
281,"Mountain-500 Silver, 42","Mountain-500 Silver, 42",Contoso Outdoor,None,Silver,None,5,Mountain Bikes,564.99,308.22,12596.19,None,active,1/10/2018,3/1/2018,None,USD,8/18/2025,SampleGen,SampleGen,2025-08-26 22:35:41.496602
282,"Mountain-500 Silver, 44","Mountain-500 Silver, 44",Contoso Outdoor,None,Silver,None,5,Mountain Bikes,564.99,308.22,12759.49,None,active,1/10/2018,3/1/2018,None,USD,8/18/2025,SampleGen,SampleGen,2025-08-26 22:35:41.496602
283,"Mountain-500 Silver, 48","Mountain-500 Silver, 48",Contoso Outdoor,None,Silver,None,5,Mountain Bikes,564.99,308.22,12891.03,None,active,1/10/2018,3/1/2018,None,USD,8/18/2025,SampleGen,SampleGen,2025-08-26 22:35:41.496602
284,"Mountain-500 Silver, 52","Mountain-500 Silver, 52",Contoso Outdoor,None,Silver,None,5,Mountain Bikes,564.99,308.22,13008.96,None,active,1/10/2018,3/1/2018,None,USD,8/18/2025,SampleGen,SampleGen,2025-08-26 22:35:41.496602
285,"Mountain-500 Black, 40","Mountain-500 Black, 40",Contoso Outdoor,None,Black,None,5,Mountain Bikes,539.99,294.58,12405.69,None,active,1/10/2018,3/1/2018,None,USD,8/18/2025,SampleGen,SampleGen,2025-08-26 22:35:41.496602
286,"Mountain-500 Black, 42","Mountain-500 Black, 42",Contoso Outdoor,None,Black,None,5,Mountain Bikes,539.99,294.58,12596.19,None,active,1/10/2018,3/1/2018,None,USD,8/18/2025,SampleGen,SampleGen,2025-08-26 22:35:41.496602
287,"Mountain-500 Black, 44","Mountain-500 Black, 44",Contoso Outdoor,None,Black,None,5,Mountain Bikes,539.99,294.58,12759.49,None,active,1/10/2018,3/1/2018,None,USD,8/18/2025,SampleGen,SampleGen,2025-08-26 22:35:41.496602
288,"Mountain-500 Black, 48","Mountain-500 Black, 48",Contoso Outdoor,None,Black,None,5,Mountain Bikes,539.99,294.58,12891.03,None,active,1/10/2018,3/1/2018,None,USD,8/18/2025,SampleGen,SampleGen,2025-08-26 22:35:41.496602
289,"Mountain-500 Black, 52","Mountain-500 Black, 52",Contoso Outdoor,None,Black,None,5,Mountain Bikes,539.99,294.58,13008.96,None,active,1/10/2018,3/1/2018,None,USD,8/18/2025,SampleGen,SampleGen,2025-08-26 22:35:41.496602
290,LL Bottom Bracket,LL Bottom Bracket,Contoso Outdoor,None,None,None,9,Bottom Brackets,53.99,23.97,223.0,None,active,1/10/2018,3/1/2018,None,USD,8/18/2025,SampleGen,SampleGen,2025-08-26 22:35:41.496602
291,ML Bottom Bracket,ML Bottom Bracket,Contoso Outdoor,None,None,None,9,Bottom Brackets,101.24,44.95,168.0,None,active,1/10/2018,3/1/2018,None,USD,8/18/2025,SampleGen,SampleGen,2025-08-26 22:35:41.496602
292,HL Bottom Bracket,HL Bottom Bracket,Contoso Outdoor,None,None,None,9,Bottom Brackets,121.49,53.94,170.0,None,active,1/10/2018,3/1/2018,None,USD,8/18/2025,SampleGen,SampleGen,2025-08-26 22:35:41.496602
293,"Road-750 Black, 44","Road-750 Black, 44",Contoso Outdoor,None,Black,None,6,Road Bikes,539.99,343.65,8967.47,None,active,1/10/2018,3/1/2018,None,USD,8/18/2025,SampleGen,SampleGen,2025-08-26 22:35:41.496602
294,"Road-750 Black, 48","Road-750 Black, 48",Contoso Outdoor,None,Black,None,6,Road Bikes,539.99,343.65,9130.77,None,active,1/10/2018,3/1/2018,None,USD,8/18/2025,SampleGen,SampleGen,2025-08-26 22:35:41.496602
295,"Road-750 Black, 52","Road-750 Black, 52",Contoso Outdoor,None,Black,None,6,Road Bikes,539.99,343.65,9262.31,None,active,1/10/2018,3/1/2018,None,USD,8/18/2025,SampleGen,SampleGen,2025-08-26 22:35:41.496602
296,TrailMaster X4 Tent,TrailMaster X4 Tent,Contoso Outdoor,None,None,None,51,Tents,250.00,150.00,None,None,active,1/10/2018,3/1/2018,None,USD,8/18/2025,SampleGen,SampleGen,2025-08-26 22:35:41.496602
297,Adventurer Pro Backpack,Adventurer Pro Backpack,Contoso Outdoor,None,None,None,52,Backpacks,90.00,54.00,None,None,active,1/10/2018,3/1/2018,None,USD,8/18/2025,SampleGen,SampleGen,2025-08-26 22:35:41.496602
298,Summit Breeze Jacket,Summit Breeze Jacket,Contoso Outdoor,None,None,None,53,Hiking Clothing,120.00,72.00,None,None,active,1/10/2018,3/1/2018,None,USD,8/18/2025,SampleGen,SampleGen,2025-08-26 22:35:41.496602
299,TrekReady Hiking Boots,TrekReady Hiking Boots,Contoso Outdoor,None,None,None,54,Hiking Footwear,140.00,84.00,None,None,active,1/10/2018,3/1/2018,None,USD,8/18/2025,SampleGen,SampleGen,2025-08-26 22:35:41.496602
300,BaseCamp Folding Table,BaseCamp Folding Table,Contoso Outdoor,None,None,None,55,Camping Tables,60.00,36.00,None,None,active,1/10/2018,3/1/2018,None,USD,8/18/2025,SampleGen,SampleGen,2025-08-26 22:35:41.496602
301,EcoFire Camping Stove,EcoFire Camping Stove,Contoso Outdoor,None,None,None,56,Camping Stoves,80.00,48.00,None,None,active,1/10/2018,3/1/2018,None,USD,8/18/2025,SampleGen,SampleGen,2025-08-26 22:35:41.496602
302,CozyNights Sleeping Bag,CozyNights Sleeping Bag,Contoso Outdoor,None,None,None,57,Sleeping Bags,100.00,60.00,None,None,active,1/10/2018,3/1/2018,None,USD,8/18/2025,SampleGen,SampleGen,2025-08-26 22:35:41.496602
303,Alpine Explorer Tent,Alpine Explorer Tent,Contoso Outdoor,None,None,None,51,Tents,350.00,210.00,None,None,active,1/10/2018,3/1/2018,None,USD,8/18/2025,SampleGen,SampleGen,2025-08-26 22:35:41.496602
304,SummitClimber Backpack,SummitClimber Backpack,Contoso Outdoor,None,None,None,52,Backpacks,120.00,72.00,None,None,active,1/10/2018,3/1/2018,None,USD,8/18/2025,SampleGen,SampleGen,2025-08-26 22:35:41.496602
305,TrailBlaze Hiking Pants,TrailBlaze Hiking Pants,Contoso Outdoor,None,None,None,53,Hiking Clothing,75.00,45.00,None,None,active,1/10/2018,3/1/2018,None,USD,8/18/2025,SampleGen,SampleGen,2025-08-26 22:35:41.496602
306,TrailWalker Hiking Shoes,TrailWalker Hiking Shoes,Contoso Outdoor,None,None,None,54,Hiking Footwear,110.00,66.00,None,None,active,1/10/2018,3/1/2018,None,USD,8/18/2025,SampleGen,SampleGen,2025-08-26 22:35:41.496602
307,TrekMaster Camping Chair,TrekMaster Camping Chair,Contoso Outdoor,None,None,None,55,Camping Tables,50.00,30.00,None,None,active,1/10/2018,3/1/2018,None,USD,8/18/2025,SampleGen,SampleGen,2025-08-26 22:35:41.496602
308,PowerBurner Camping Stove,PowerBurner Camping Stove,Contoso Outdoor,None,None,None,56,Camping Stoves,100.00,60.00,None,None,active,1/10/2018,3/1/2018,None,USD,8/18/2025,SampleGen,SampleGen,2025-08-26 22:35:41.496602
309,MountainDream Sleeping Bag,MountainDream Sleeping Bag,Contoso Outdoor,None,None,None,57,Sleeping Bags,130.00,78.00,None,None,active,1/10/2018,3/1/2018,None,USD,8/18/2025,SampleGen,SampleGen,2025-08-26 22:35:41.496602
310,SkyView 2-Person Tent,SkyView 2-Person Tent,Contoso Outdoor,None,None,None,51,Tents,200.00,120.00,None,None,active,1/10/2018,3/1/2018,None,USD,8/18/2025,SampleGen,SampleGen,2025-08-26 22:35:41.496602
311,TrailLite Daypack,TrailLite Daypack,Contoso Outdoor,None,None,None,52,Backpacks,60.00,36.00,None,None,active,1/10/2018,3/1/2018,None,USD,8/18/2025,SampleGen,SampleGen,2025-08-26 22:35:41.496602
312,RainGuard Hiking Jacket,RainGuard Hiking Jacket,Contoso Outdoor,None,None,None,53,Hiking Clothing,110.00,66.00,None,None,active,1/10/2018,3/1/2018,None,USD,8/18/2025,SampleGen,SampleGen,2025-08-26 22:35:41.496602
313,TrekStar Hiking Sandals,TrekStar Hiking Sandals,Contoso Outdoor,None,None,None,54,Hiking Footwear,70.00,42.00,None,None,active,1/10/2018,3/1/2018,None,USD,8/18/2025,SampleGen,SampleGen,2025-08-26 22:35:41.496602
314,Adventure Dining Table,Adventure Dining Table,Contoso Outdoor,None,None,None,55,Camping Tables,90.00,54.00,None,None,active,1/10/2018,3/1/2018,None,USD,8/18/2025,SampleGen,SampleGen,2025-08-26 22:35:41.496602
315,CompactCook Camping Stove,CompactCook Camping Stove,Contoso Outdoor,None,None,None,56,Camping Stoves,60.00,36.00,None,None,active,1/10/2018,3/1/2018,None,USD,8/18/2025,SampleGen,SampleGen,2025-08-26 22:35:41.496602
501,Coffee Maker,"Programmable drip coffee maker, 12-cup capacity",Contoso Kitchen,CM-1001,Black,Model-001,201,Coffee Makers,268.13,142.25,3.74,oz,active,1/10/2018,3/1/2018,None,USD,8/18/2025,SampleGen,SampleGen,2025-08-26 22:35:41.496602
502,Espresso Machine,Automatic espresso machine with milk frother,Contoso Kitchen,EM-2002,Silver,Model-002,201,Coffee Makers,68.61,28.65,1.68,lb,active,1/10/2018,3/1/2018,None,USD,8/18/2025,SampleGen,SampleGen,2025-08-26 22:35:41.496602
503,Chef Knife,8-inch stainless steel chef's knife,Contoso Kitchen,CK-3001,Steel,Model-003,202,Cutlery,98.51,37.26,4.58,kg,active,1/10/2018,3/1/2018,None,USD,8/18/2025,SampleGen,SampleGen,2025-08-26 22:35:41.496602
504,Fork Set,Set of 12 dinner forks,Contoso Kitchen,FS-4001,Steel,Model-004,202,Cutlery,288.84,155.07,1.67,lb,active,1/10/2018,3/1/2018,None,USD,8/18/2025,SampleGen,SampleGen,2025-08-26 22:35:41.496602
505,Coffee Mug,"Ceramic mug, 16oz, set of 4",Contoso Kitchen,CMG-5001,White,Model-005,203,Cups & Mugs,56.47,38.79,2.01,oz,active,1/10/2018,3/1/2018,None,USD,8/18/2025,SampleGen,SampleGen,2025-08-26 22:35:41.496602
506,Serving Platter,Large porcelain serving platter,Contoso Kitchen,SP-6001,White,Model-006,204,Serving Dishes,141.82,82.36,1.86,lb,active,1/10/2018,3/1/2018,None,USD,8/18/2025,SampleGen,SampleGen,2025-08-26 22:35:41.496602
507,Ice Cream Bowl,"Glass ice cream bowl, set of 6",Contoso Kitchen,ICB-7001,Clear,Model-007,205,Ice Cream Dishes,15.11,9.23,3.1,oz,active,1/10/2018,3/1/2018,None,USD,8/18/2025,SampleGen,SampleGen,2025-08-26 22:35:41.496602
508,Mixing Bowl,"Stainless steel mixing bowl, 3 sizes",Contoso Kitchen,MB-8001,Steel,Model-008,206,Mixing Bowls,40.75,28.03,2.91,oz,active,1/10/2018,3/1/2018,None,USD,8/18/2025,SampleGen,SampleGen,2025-08-26 22:35:41.496602
509,Baking Pan,"Non-stick baking pan, 9x13 inch",Contoso Kitchen,BP-9001,Gray,Model-009,207,Bakeware,148.53,92.70,4.72,lb,active,1/10/2018,3/1/2018,None,USD,8/18/2025,SampleGen,SampleGen,2025-08-26 22:35:41.496602
510,Food Storage Set,"Plastic food storage containers, set of 10",Contoso Kitchen,FSS-10001,Clear,Model-010,208,Storage Containers,128.45,73.91,0.87,kg,active,1/10/2018,3/1/2018,None,USD,8/18/2025,SampleGen,SampleGen,2025-08-26 22:35:41.496602
511,Spatula,"Silicone spatula, heat resistant",Contoso Kitchen,SPT-11001,Red,Model-011,209,Cooking Utensils,207.67,80.14,2.3,kg,active,1/10/2018,3/1/2018,None,USD,8/18/2025,SampleGen,SampleGen,2025-08-26 22:35:41.496602
512,Measuring Cup Set,"Measuring cups, set of 5",Contoso Kitchen,MCS-12001,White,Model-012,210,Measuring Tools,135.42,54.52,1.44,oz,active,1/10/2018,3/1/2018,None,USD,8/18/2025,SampleGen,SampleGen,2025-08-26 22:35:41.496602
[CategoryID ] INT NOT NULL,[ParentCategoryId] NVARCHAR(100
100
MAX
100
100
6
